corridor_id,corridor_name,street_names,n_edges,length_m,length_km,mean_score,total_score,pair_count_max,neighborhood_span,climb_saved_m,mean_abs_grade,max_grade,elev_min_m,elev_max_m,elev_range_m,gain_per_km,low_stress_share,mode,n_pieces,neighborhoods,end_a_lon,end_a_lat,end_b_lon,end_b_lat,corridor_uid
0,Stampfenbachstrasse - Hofwiesenstrasse - Limmatquai - Schaffhauserstrasse,Central; Fraumünsterstrasse; Hofwiesenstrasse; Im Stadtgraben; Limmatquai; Münsterbrücke; Münsterhof; Neumühlequai; Poststrasse; Rathausbrücke; Rotbuchstrasse; Rothstrasse; Schaffhauserplatz; Schaffhauserstrasse; Stampfenbachplatz; Stampfenbachstrasse; Walchestrasse; Weinbergstrasse,142,4645.6138478774155,4.645613847877415,58.172706676473574,8260.524348059247,288,34,5330.985616955041,0.020679355079280624,0.06483893828063807,406.8490905761719,471.3049621582031,64.45587158203125,14.02355919040722,0.1920877673957711,walk,1,Hochschulen; Lindenhof; Rathaus; Unterstrass,8.533699,47.3977,8.543507,47.369128,walk-0
1,Schaffhauserstrasse - Oerlikonerstrasse - Bucheggstrasse - Berninastrasse,Baumackerstrasse; Berninaplatz; Berninastrasse; Bucheggstrasse; Buchmattweg; Guggachstrasse; Hirschwiesenstrasse; Langackerstrasse; Oerlikonerstrasse; Schaffhauserstrasse; Wehntalerstrasse,109,3428.1119842871685,3.4281119842871686,51.52145292270641,5676.031469720514,198,34,3739.3291578622157,0.017498223746243324,0.05449606620596473,444.3260498046875,478.3976135253906,34.071563720703125,13.197023741203099,0.16405692863632446,walk,2,Oerlikon; Unterstrass,8.539036,47.39248,8.544934,47.408625,walk-1
2,Winterthurerstrasse - Berninastrasse - Stettbachstrasse - Binzwiesenstrasse,Berninastrasse; Binzwiesenstrasse; Heinrich-Bosshardt-Strasse; Hüttenkopfstrasse; Regensbergstrasse; Schwamendingenstrasse; Stettbachstrasse; Winterthurerstrasse,90,3615.166018140704,3.6151660181407044,54.39515799488584,4895.564219539726,132,34,5617.272476895688,0.019193240182004297,0.0722002872019268,435.19622802734375,468.3959655761719,33.199737548828125,8.374271995534004,0.3341680779617375,walk,1,Oerlikon; Schwamendingen-Mitte,8.548017,47.403332,8.57623,47.402773,walk-2
3,Winterthurerstrasse - Universitätstrasse,Universitätstrasse; Winterthurerstrasse,45,2469.9775048435404,2.4699775048435404,52.901241673126606,2389.3788580946693,151,34,2427.258066093286,0.011063118036754806,0.053305295613773056,467.3880615234375,489.2403259277344,21.852264404296875,8.3679837767439,0.014821462118488548,walk,2,Oberstrass; Oerlikon; Unterstrass,8.548178,47.382809,8.552195,47.402132,walk-3
4,Altwiesenstrasse - Roswiesenstrasse - Winterthurerstrasse,Altwiesenstrasse; Roswiesenstrasse; Winterthurerstrasse,31,1197.9950292028425,1.1979950292028425,50.0135883468822,1550.4212387533482,66,34,1757.25587137276,0.008919142998360283,0.04188645527248156,428.1219482421875,432.9618835449219,4.839935302734375,7.1463650564142185,0.83753033377663,walk,1,Hirzenbach; Schwamendingen-Mitte,8.574391,47.404367,8.586978,47.401531,walk-4
5,Manessestrasse - Uetlibergstrasse - Binzstrasse - Haldenstrasse,Binzstrasse; Haldenstrasse; Manessestrasse; Uetlibergstrasse,36,1076.3107089650152,1.0763107089650152,40.9693747360535,1474.8974904979261,123,34,704.754981647862,0.011551963576474759,0.04169155600484002,413.56317138671875,425.8545227050781,12.291351318359375,6.146836323946486,0.12985701548882556,walk,1,Alt-Wiedikon; Sihlfeld,8.516202,47.362879,8.525105,47.36908,walk-5
6,Wehntalerstrasse,Wehntalerstrasse,32,1355.6898567350966,1.3556898567350966,40.67607986066403,1317.8131819594664,64,32,821.8092774548625,0.00811689912257204,0.022155874852273435,457.8026123046875,464.65386962890625,6.85125732421875,2.948636447767274,0.0,walk,2,Affoltern; Oerlikon; Unterstrass,8.519243,47.414086,8.533912,47.404133,walk-6
7,Allmendstrasse - Maneggbrücke,Allmendstrasse; Maneggbrücke,24,3124.0603267865554,3.124060326786555,52.09648173432502,1250.3155616238005,64,34,1270.0455186948961,0.006362382000399478,0.05939378421726167,421.2480163574219,433.4915466308594,12.2435302734375,3.477012318583349,0.40095591101388095,walk,1,Wollishofen,8.518641,47.336795,8.524969,47.352926,walk-7
8,Weinbergstrasse,Weinbergstrasse,28,1052.1176897991115,1.0521176897991116,37.20647536989588,1041.7813103570845,113,28,565.1581554449338,0.021973534279185834,0.06098870886810261,432.30596923828125,455.3166198730469,23.010650634765625,21.922280710194535,0.0,walk,1,Unterstrass,8.544065,47.380292,8.540211,47.389318,walk-8
9,Fronwaldstrasse - Riedenhaldenstrasse - Binzmühlestrasse,Binzmühlestrasse; Fronwaldstrasse; Riedenhaldenstrasse,26,1396.3074397480293,1.3963074397480293,37.16422985844909,966.2699763196764,65,34,530.3263548383338,0.01333835935358831,0.04726533220284833,454.08770751953125,462.39105224609375,8.3033447265625,11.683364029184174,0.5146969099511886,walk,1,Affoltern,8.513316,47.42062,8.518963,47.414341,walk-9
10,Lessingstrasse,Lessingstrasse,15,758.4119834622467,0.7584119834622467,52.19727144347471,782.9590716521207,65,33,401.43575227749136,0.00734297502618697,0.06702750844571595,418.2087097167969,422.3279113769531,4.11920166015625,2.378474450200219,1.0,walk,1,Enge,8.525126,47.353444,8.523726,47.360177,walk-10
11,Museumstrasse - Bahnhofplatz - Gessnerallee,Bahnhofplatz; Gessnerallee; Museumstrasse,18,815.4527283346388,0.8154527283346388,40.44869482130415,728.0765067834748,188,31,388.4410649244438,0.003158967615062036,0.021050914454657527,407.427490234375,408.644775390625,1.21728515625,2.331670643107754,0.0,walk,1,City; Gewerbeschule; Langstrasse,8.535968,47.3761,8.541203,47.378459,walk-11
12,Saatlenstrasse - Am Glattbogen,Am Glattbogen; Saatlenstrasse,19,600.3240119812668,0.6003240119812668,36.714132411535445,697.5685158191734,65,34,315.01652579531634,0.00686437579261133,0.039092111692976696,428.47467041015625,431.44488525390625,2.97021484375,1.746849228383187,1.0,walk,1,Saatlen,8.565009,47.408517,8.565641,47.412103,walk-12
13,Rämistrasse - Universitätstrasse - Gloriastrasse,Gloriastrasse; Rämistrasse; Universitätstrasse,19,726.7331035537354,0.7267331035537354,35.25850366962036,669.9115697227868,84,21,426.62035569375695,0.0276554682526227,0.0597351104327026,447.7509460449219,466.18463134765625,18.433685302734375,22.469438351051178,0.0,walk,1,Fluntern; Hochschulen; Oberstrass,8.548142,47.379872,8.55135,47.374761,walk-13
14,Hallwylstrasse - Selnaustrasse - Sihlhölzlistrasse - Manessestrasse,Hallwylstrasse; Manessestrasse; Selnaustrasse; Sihlhölzlibrücke; Sihlhölzlistrasse,20,1060.590243666905,1.060590243666905,32.15150484073335,643.030096814667,100,26,365.1159900759355,0.005156441994660136,0.017690352613631027,411.6517028808594,413.96734619140625,2.315643310546875,2.7300621632262017,0.19240818207031718,walk,1,City; Enge; Sihlfeld; Werd,8.525477,47.36928,8.532908,47.372971,walk-14
15,Bederstrasse - Waffenplatzstrasse,Bederstrasse; Waffenplatzstrasse,16,630.4222562110524,0.6304222562110524,39.99282576134194,639.885212181471,90,34,298.985455400653,0.010595480054751099,0.05330340080520975,415.2550354003906,420.4717102050781,5.2166748046875,2.4896798060083434,0.0,walk,1,Enge,8.526757,47.359925,8.530087,47.364431,walk-15
16,Hofwiesenstrasse - Wehntalerstrasse,Hofwiesenstrasse; Wehntalerstrasse,16,728.173196195962,0.728173196195962,39.6390077673129,634.2241242770064,105,32,411.3525083321474,0.011222642606492843,0.03225153508721679,464.2493591308594,471.8520202636719,7.6026611328125,0.7545855807534488,0.0,walk,1,Unterstrass,8.533432,47.398223,8.534054,47.403976,walk-16
17,Seilergraben - Hirschengraben - Heimstrasse,Heimstrasse; Hirschengraben; Seilergraben,14,670.8047493653131,0.6708047493653131,45.20456745398965,632.8639443558551,159,32,264.7951735514822,0.015627955592294573,0.0451541719487864,412.2276916503906,422.71099853515625,10.483306884765625,15.647063139474058,0.0,walk,1,Hochschulen,8.544782,47.376366,8.548288,47.3709,walk-17
18,Waffenplatzstrasse - Mutschellenstrasse,Mutschellenstrasse; Waffenplatzstrasse,17,690.5989996311009,0.6905989996311009,36.71983917842952,624.2372660333018,72,34,275.20890314600854,0.008730399777249213,0.027778594087613934,419.7828063964844,425.86810302734375,6.085296630859375,0.04259917162957779,0.0,walk,1,Enge,8.527031,47.353492,8.526798,47.359686,walk-18
19,Theaterstrasse - Seefeldstrasse - Gottfried-Keller-Strasse,Gottfried-Keller-Strasse; Seefeldstrasse; Theaterstrasse,17,693.3436368559434,0.6933436368559434,33.14668089521079,563.4935752185835,100,30,235.32048414315193,0.002347720567761266,0.02262757659387563,408.0733947753906,409.43048095703125,1.357086181640625,0.6558247453231851,0.24620972191519291,walk,1,Hochschulen; Mühlebach,8.545343,47.36734,8.549084,47.363889,walk-19
20,Gladbachstrasse,Gladbachstrasse,15,815.4151674322538,0.8154151674322538,33.75751118039135,506.3626677058702,53,18,390.72851915993465,0.010705579935344283,0.0332498412578226,505.7841796875,514.513671875,8.7294921875,0.0,0.0,walk,1,Fluntern,8.559459,47.376971,8.551905,47.382187,walk-20
21,Bleicherweg - Seestrasse,Bleicherweg; Seestrasse,12,414.7407286932886,0.4147407286932886,38.56144165942881,462.7372999131457,102,31,204.2604028671916,0.005750604212564888,0.01406026712920608,408.24432373046875,409.6618957519531,1.417572021484375,4.603529646702072,0.355324965362642,walk,1,Enge,8.531709,47.3651,8.534396,47.3676,walk-21
22,August-Forel-Strasse - Buchenweg,August-Forel-Strasse; Buchenweg,10,682.3891704766987,0.6823891704766987,44.661806154800125,446.61806154800126,64,34,218.69439811806797,0.014857341063585633,0.03610109425033054,458.9132080078125,469.0216064453125,10.1083984375,4.863749118767458,1.0,walk,1,Weinegg,8.572338,47.352679,8.568382,47.3573,walk-22
23,Wallisellenstrasse,Wallisellenstrasse,11,567.2542040695115,0.5672542040695115,33.686419707080354,370.55061677788393,60,34,156.1903158251085,0.0076948380658393755,0.0199660047764882,426.0406188964844,429.4624328613281,3.42181396484375,6.032240819539946,0.0,walk,1,Oerlikon; Saatlen,8.554787,47.410669,8.562172,47.410873,walk-23
24,General-Guisan-Quai,General-Guisan-Quai,9,469.52209658330054,0.4695220965833005,38.29831560487767,344.6848404438991,71,23,171.98977023505628,0.0006185774719069907,0.009944782248377455,407.4478759765625,407.7464599609375,0.298583984375,0.4515349049110448,0.0,walk,1,Enge; Lindenhof,8.540178,47.36607,8.535157,47.363583,walk-24
25,Susenbergstrasse,Susenbergstrasse,7,764.1069070009852,0.7641069070009852,49.18525097700077,344.2967568390054,48,34,215.55047300757622,0.016582225155795723,0.059657871991145216,601.2012939453125,614.2433471679688,13.04205322265625,17.661134840612167,1.0,walk,1,Fluntern,8.556355,47.386201,8.564078,47.381948,walk-25
26,Seebacherstrasse,Seebacherstrasse,7,412.48089880885686,0.41248089880885686,40.36910772301566,282.58375406110963,62,33,129.74165415399227,0.01655572036683266,0.022813438416931935,436.85528564453125,443.6842041015625,6.82891845703125,16.555720463060187,0.0,walk,1,Seebach,8.547907,47.4197,8.544372,47.422446,walk-26
27,Freiestrasse - Zürichbergstrasse,Freiestrasse; Zürichbergstrasse,8,422.13305068162913,0.42213305068162915,32.6133406697555,260.906725358044,82,30,169.48222130349038,0.02185700094963501,0.03300811770078057,434.53302001953125,443.58746337890625,9.054443359375,18.07885769021473,1.0,walk,1,Fluntern; Hottingen,8.554964,47.370442,8.553028,47.373465,walk-27
28,Hardbrücke,Hardbrücke,5,508.8180260162293,0.5088180260162293,51.27409195505429,256.37045977527146,114,29,164.07540573153022,0.0046077032029780175,0.009277748763478848,404.6679382324219,406.6582336425781,1.99029541015625,0.6846419279291881,0.09302139768969812,walk,1,Hard; Langstrasse,8.516298,47.381986,8.517207,47.385091,walk-28
29,Forchstrasse,Forchstrasse,7,359.5555203690864,0.35955552036908645,36.019923910888664,252.13946737622064,83,34,106.45753429569879,0.006483495781941772,0.01531238402917114,449.1337585449219,450.8202819824219,1.6865234375,1.80666720761771,0.0,walk,1,Hirslanden,8.567301,47.360254,8.571069,47.358437,walk-29
30,Hardstrasse,Hardstrasse,7,415.12642378389836,0.41512642378389836,35.536591342849704,248.75613939994793,90,33,108.72907493254246,0.008017135867243293,0.012708893763609248,406.685791015625,410.06109619140625,3.37530517578125,8.171809333295876,0.0,walk,1,Hard,8.514389,47.382411,8.511361,47.379295,walk-30
31,Mythenquai,Mythenquai,6,759.899158730097,0.7598991587300971,40.63010698328597,238.11863896675396,38,21,167.0307617316124,0.0012021907066037951,0.00788249150916804,408.15325927734375,408.8444519042969,0.691192626953125,0.6791062210887941,0.0,walk,2,Enge; Wollishofen,8.534369,47.355368,8.534474,47.345136,walk-31
32,Schweighofstrasse,Schweighofstrasse,9,520.0781923654401,0.5200781923654402,25.941702605895127,233.47532345305615,41,34,93.01197814288476,0.020701244737899013,0.05162721472788116,458.4624938964844,469.228759765625,10.766265869140625,0.0,0.0,walk,1,Friesenberg,8.50668,47.360433,8.502894,47.364333,walk-32
33,Ueberlandstrasse - Schörlistrasse,Schörlistrasse; Ueberlandstrasse,6,366.6322063720303,0.36663220637203026,34.95711811148542,209.74270866891254,50,27,105.21920456212334,0.019208986284841873,0.0509515429335827,431.99395751953125,439.0365905761719,7.042633056640625,17.198465833116213,0.1614098453628901,walk,1,Saatlen; Schwamendingen-Mitte,8.563066,47.406417,8.559733,47.405225,walk-33
34,unnamed corridor,,2,874.9538056703293,0.8749538056703293,44.46470154031701,88.92940308063402,28,30,63.72475287145887,0.005926582341967331,0.045451586294367644,422.3456115722656,429.7635498046875,7.417938232421875,8.542338535920699,1.0,walk,1,Wollishofen,8.524358,47.351358,8.518891,47.344773,walk-34
35,unnamed corridor,,1,389.81935165083803,0.38981935165083803,37.220575237694185,37.220575237694185,19,11,66.10826878738759,0.0005062785349252728,0.015070467257761169,399.1358642578125,399.96759033203125,0.83172607421875,2.1336192538838574,1.0,walk,1,Altstetten,8.500798,47.393896,8.49565,47.393793,walk-35
0,Schaffhauserstrasse - Hofwiesenstrasse - Oerlikonerstrasse - Stüssistrasse,Friedheimstrasse; Hofwiesenstrasse; Irchelstrasse; Milchbuckstrasse; Mimosenstrasse; Oerlikonerstrasse; Rothstrasse; Schaffhauserstrasse; Scheuchzerstrasse; Stüssistrasse; Wehntalerstrasse,130,4709.66203049097,4.70966203049097,45.79634119120096,5953.524354856125,214,34,2315.2851342467684,0.019372762988449047,0.06227550319431575,452.9982604980469,485.5655212402344,32.5672607421875,14.607208114371355,0.31079929309397436,bike,1,Oerlikon; Unterstrass,8.542572,47.390537,8.548373,47.40577,bike-36
1,Winterthurerstrasse - Irchelstrasse,Hirschwiesenstrasse; Hüttenkopfstrasse; Irchelstrasse; Regensbergstrasse; Schwamendingenstrasse; Ueberlandstrasse; Winterthurerstrasse,111,5504.574598007703,5.504574598007703,49.78818315411649,5481.979526755213,151,34,3030.011268608878,0.01592885110363822,0.0826838738512249,437.6283874511719,489.2403259277344,51.6119384765625,6.027219001325941,0.02455769871106185,bike,3,Oberstrass; Oerlikon; Schwamendingen-Mitte; Unterstrass,8.54828,47.384594,8.571236,47.403711,bike-37
2,Stampfenbachstrasse - Schaffhauserstrasse - Walchestrasse - Schaffhauserplatz,Hofwiesenstrasse; Rothstrasse; Schaffhauserplatz; Schaffhauserstrasse; Stampfenbachplatz; Stampfenbachstrasse; Walchebrücke; Walchestrasse; Weinbergstrasse,83,2708.5753941315606,2.7085753941315605,56.386925855007476,4680.114845965621,255,33,2262.591167049697,0.029021144196022017,0.06483893828063807,407.739501953125,464.80938720703125,57.06988525390625,19.65153388313884,0.0,bike,1,City; Hochschulen; Unterstrass,8.537766,47.393461,8.543986,47.377081,bike-38
3,Uraniastrasse - Pelikanstrasse - Nüschelerstrasse - Werdmühlestrasse,Bahnhofquai; Bahnhofstrasse; Brandschenkestrasse; Nüschelerstrasse; Pelikanstrasse; Rudolf-Brun-Brücke; Sihlstrasse; Uraniastrasse; Werdmühleplatz; Werdmühlestrasse,66,1947.0225758546148,1.947022575854615,34.7580055517288,2294.0283664141007,197,34,726.433097850453,0.005822473241295792,0.0278312932350683,406.2935485839844,411.07342529296875,4.779876708984375,3.7485088704124774,0.4286445530143459,bike,1,City; Lindenhof; Rathaus,8.533753,47.369705,8.541619,47.377693,bike-39
4,Limmatquai - Seilergraben - Hirschengraben - Central,Central; Heimplatz; Heimstrasse; Hirschengraben; Kantonsschulstrasse; Limmatquai; Mühlegasse; Seilergraben,53,2010.7486929087586,2.010748692908759,41.781318986946715,2214.409906308176,220,34,794.6807200728596,0.014406734437185702,0.061389367462466156,406.8490905761719,428.0606994628906,21.21160888671875,9.558705111373108,0.3560184513369764,bike,1,Hochschulen; Rathaus,8.543438,47.376568,8.548736,47.370223,bike-40
5,Langstrasse - Limmatplatz - Stauffacherstrasse,Langstrasse; Limmatplatz; Stauffacherstrasse,42,1328.1262938100701,1.3281262938100702,48.02272902555336,2016.954619073241,220,34,735.3409532311769,0.00508358881006839,0.05386038515013843,404.9837951660156,411.060302734375,6.076507568359375,0.48641956291282534,0.29274818147534465,bike,1,Gewerbeschule; Langstrasse,8.524301,47.374521,8.531307,47.384701,bike-41
6,Dufourstrasse - Höschgasse,Dufourstrasse; Höschgasse,43,1074.3242661561198,1.0743242661561199,36.357507793126935,1563.3728351044583,140,34,404.33994300857125,0.007038229138556219,0.0259932011306555,407.47357177734375,414.5147705078125,7.04119873046875,3.0532512278643362,0.8911003190572947,bike,1,Seefeld,8.547514,47.364052,8.553501,47.356469,bike-42
7,Hofwiesenstrasse - Bucheggplatz - Wehntalerstrasse,Bucheggplatz; Hofwiesenstrasse; Wehntalerstrasse,33,1625.7944866194073,1.6257944866194072,41.60830994224311,1373.0742280940226,122,34,456.1364828740116,0.015832722642995452,0.04635918508008301,455.6499328613281,472.2596740722656,16.6097412109375,5.398352251996272,0.0,bike,1,Unterstrass,8.534027,47.397892,8.537337,47.405234,bike-43
8,Toblerstrasse,Toblerstrasse,20,651.1026850515943,0.6511026850515943,54.74093075285994,1094.8186150571987,164,34,381.3146624913015,0.035505703108275236,0.051889526065323155,509.43853759765625,532.373779296875,22.93524169921875,35.37380961660435,1.0,bike,1,Fluntern,8.552326,47.382556,8.55934,47.379176,bike-44
9,Lessingstrasse,Lessingstrasse,16,874.3653390334039,0.8743653390334039,65.44621435600247,1047.1394296960395,70,34,485.4745767851425,0.008035823053289183,0.06702750844571595,418.2087097167969,422.3279113769531,4.11920166015625,2.0630547036376874,1.0,bike,1,Enge; Wollishofen,8.523726,47.360177,8.524709,47.353008,bike-45
10,Altwiesenstrasse - Roswiesenstrasse,Altwiesenstrasse; Roswiesenstrasse,20,877.3474002581762,0.8773474002581763,46.61536714231425,932.307342846285,66,34,566.1502683699273,0.006257800251717561,0.035264075164949144,428.27960205078125,432.9618835449219,4.682281494140625,3.837118107049126,1.0,bike,1,Hirzenbach; Schwamendingen-Mitte,8.576639,47.40317,8.586848,47.401563,bike-46
11,Austrasse - Steinstrasse - Uetlibergstrasse - Haldenstrasse,Austrasse; Binzallee; Binzstrasse; Haldenstrasse; Steinstrasse; Uetlibergstrasse,27,873.4770174021952,0.8734770174021952,32.44957558492134,876.1385407928761,80,33,268.8956997362155,0.013137403012233909,0.04169155600484002,414.5398864746094,425.9535827636719,11.4136962890625,6.717502706558194,0.6241313054714993,bike,1,Alt-Wiedikon,8.51685,47.363549,8.51971,47.368306,bike-47
12,Spulenweg,Spulenweg,14,2420.546840556533,2.420546840556533,49.05503707080713,686.7705189912998,70,34,863.5599434773329,0.005044109463413756,0.05612914293244301,421.34619140625,429.7635498046875,8.4173583984375,3.703681809633212,0.9103440174859915,bike,1,Wollishofen,8.518489,47.341789,8.524702,47.352609,bike-48
13,Dübendorfstrasse - Winterthurerstrasse,Dübendorfstrasse; Winterthurerstrasse,12,799.8678168854126,0.7998678168854126,51.82867776590231,621.9441331908278,56,32,396.95629574510116,0.008704173921430894,0.034964438367272185,432.1204528808594,436.819091796875,4.698638916015625,2.8232280144847124,0.0,bike,1,Hirzenbach; Schwamendingen-Mitte,8.571676,47.403724,8.581164,47.401718,bike-49
14,Friedackerstrasse - Friedheimstrasse - Regensbergstrasse - Viktoriastrasse,Friedackerstrasse; Friedheimstrasse; Regensbergstrasse; Viktoriastrasse,14,548.38724686254,0.54838724686254,41.314996439628096,578.4099501547934,82,29,273.3841215456299,0.00844289205006154,0.03764660791410852,447.0828857421875,450.3062438964844,3.223358154296875,4.632112918241067,1.0,bike,1,Oerlikon,8.550097,47.40465,8.55551,47.404535,bike-50
15,Weinbergstrasse,Weinbergstrasse,17,647.5426001409234,0.6475426001409234,33.63813806937937,571.8483471794493,75,27,224.70452844002904,0.01787373534418343,0.028683980387789645,443.6005554199219,455.06646728515625,11.465911865234375,17.790459753380176,0.0,bike,1,Unterstrass,8.543367,47.383463,8.540399,47.388906,bike-51
16,Wallisellenstrasse - Saatlenstrasse,Saatlenstrasse; Wallisellenstrasse,16,693.3921880137871,0.6933921880137871,32.913218541008916,526.6114966561427,69,34,159.6165731157132,0.008446431252308834,0.0199660047764882,426.0406188964844,431.4986267089844,5.4580078125,8.342210841305274,0.426934634292395,bike,1,Saatlen,8.558876,47.410815,8.565009,47.408517,bike-52
17,Neumühlequai - Walchebrücke - Bahnhofquai,Bahnhofquai; Neumühlequai; Walchebrücke,9,403.5905801375709,0.4035905801375709,52.106917332377236,468.9622559913951,233,33,167.64018912776027,0.005593482326512376,0.026216602286089626,407.67340087890625,409.0865173339844,1.413116455078125,3.611305826749139,0.0,bike,1,City; Hochschulen,8.541967,47.377158,8.543339,47.377027,bike-53
18,Sihlpromenade - Hertersteg,Hertersteg; Sihlpromenade,11,685.9785690631574,0.6859785690631574,42.303571049947124,465.33928154941833,52,20,282.31177714411837,0.0037320249849156317,0.03659941690210928,415.939697265625,417.79571533203125,1.85601806640625,3.665248945016258,1.0,bike,1,Enge; Sihlfeld,8.523333,47.361501,8.523816,47.367006,bike-54
19,Maneggpromenade,Maneggpromenade,10,541.8939966785614,0.5418939966785614,45.36021338409231,453.6021338409231,66,34,196.17031945390863,0.009959124267575802,0.060741547844927454,474.9350891113281,479.1741027832031,4.239013671875,9.179928861242827,1.0,bike,1,Leimbach,8.514314,47.333609,8.512878,47.328955,bike-55
20,Leimbachstrasse,Leimbachstrasse,13,560.7572548470232,0.5607572548470232,33.7754646613796,439.0810405979348,66,34,175.97731136737622,0.00661489535464075,0.021791025138130544,433.2386474609375,436.2537841796875,3.01513671875,6.364771505004714,0.0,bike,1,Leimbach,8.51822,47.336318,8.518171,47.332792,bike-56
21,In Böden - Riedenhaldenstrasse,In Böden; Riedenhaldenstrasse,12,589.8428988250164,0.5898428988250164,33.14106474423485,397.69277693081824,62,33,120.42309129794053,0.014191556224828462,0.03459293171140063,459.5483703613281,463.2860412597656,3.7376708984375,9.367252755839933,1.0,bike,1,Affoltern,8.518288,47.414992,8.511557,47.417664,bike-57
22,August-Forel-Strasse - Buchenweg,August-Forel-Strasse; Buchenweg,10,682.3891704766986,0.6823891704766986,35.213714787730254,352.13714787730254,54,34,123.90345833774111,0.014857341063585633,0.03610109425033054,458.9132080078125,469.0216064453125,10.1083984375,4.863749118767459,1.0,bike,1,Weinegg,8.572338,47.352679,8.568382,47.3573,bike-58
23,Forchstrasse,Forchstrasse,12,491.40357368519403,0.49140357368519405,28.069741440051487,336.83689728061785,45,34,101.68527751763455,0.006703633524849931,0.04465901854101913,449.1117248535156,450.8978271484375,1.786102294921875,4.574808798639918,0.15820689064863208,bike,1,Hirslanden,8.572393,47.358213,8.567063,47.360328,bike-59
24,Schweighofstrasse,Schweighofstrasse,10,571.7791548488866,0.5717791548488866,29.105739619657015,291.05739619657015,40,34,97.66553683177416,0.02040252945386181,0.05162721472788116,458.4624938964844,470.12823486328125,11.665740966796875,0.0,0.0,bike,1,Friesenberg,8.507029,47.360033,8.502894,47.364333,bike-60
25,Maneggstrasse,Maneggstrasse,5,425.15644633976444,0.42515644633976446,55.69354844890412,278.4677422445206,62,32,117.72201213825771,0.004100340413935147,0.019959687664086453,428.0793762207031,429.87506103515625,1.795684814453125,0.12324564778855666,1.0,bike,1,Wollishofen,8.519819,47.339146,8.520025,47.342964,bike-61
26,Freiestrasse,Freiestrasse,7,447.03630501783226,0.44703630501783226,32.14794850750037,225.03563955250257,61,29,72.19816038943233,0.03448001381058141,0.05072961766211781,436.08966064453125,451.50347900390625,15.413818359375,0.0,1.0,bike,1,Hirslanden; Hottingen,8.562911,47.363261,8.559139,47.366337,bike-62
27,Brandschenkestrasse,Brandschenkestrasse,6,500.46149479795054,0.5004614947979505,37.43973054431796,224.63838326590778,45,22,123.01380692000379,0.005094358056226343,0.018517637051242878,419.7769775390625,422.26776123046875,2.49078369140625,4.911177483497858,0.0,bike,1,Enge,8.526321,47.364288,8.529753,47.367824,bike-63
28,Sihlquai - Zöllystrasse,Sihlquai; Zöllystrasse,7,511.29804776867235,0.5112980477686724,29.101491060061853,203.71043742043298,53,21,86.90002872543184,0.0023625101090496755,0.00749405282814214,402.68359375,403.89154052734375,1.20794677734375,0.8146606967225866,0.0,bike,1,Escher Wyss; Gewerbeschule,8.52886,47.388188,8.523377,47.390653,bike-64
29,Wehntalerstrasse,Wehntalerstrasse,5,412.021385366202,0.41202138536620203,35.378323230061696,176.8916161503085,54,28,125.28436745388674,0.004253796396277805,0.010300583555034635,463.01824951171875,464.65386962890625,1.6356201171875,0.0,0.0,bike,1,Unterstrass,8.533912,47.404133,8.53095,47.407245,bike-65
30,Emil-Klöti-Strasse,Emil-Klöti-Strasse,2,404.6718897952634,0.40467188979526336,44.13562266682226,88.27124533364452,30,25,46.598968442911556,0.008353966093904285,0.028338361273800038,530.0690307617188,533.6402587890625,3.57122802734375,8.82499654016134,0.0,bike,1,Höngg,8.509001,47.401215,8.512954,47.398983,bike-66
31,Tièchestrasse,Tièchestrasse,2,398.9354907773592,0.3989354907773592,43.66857958042137,87.33715916084275,30,25,45.93840791584726,0.019252514453242688,0.046725164182785744,484.19921875,491.8880920410156,7.688873291015625,19.273475207816713,0.0,bike,1,Wipkingen,8.527278,47.398312,8.522201,47.399066,bike-67
