edge_id,pairs_served,pass_elev_m,neighborhoods_separated,name,cls,length_m,max_abs_grade,elev_min,elev_max,neighborhood
70375,114,472.5500793457031,Affoltern; Albisrieden; Alt-Wiedikon; Altstetten; City; Enge; Escher Wyss; Gewerbeschule; Hard; Hirzenbach; Hochschulen; Langstrasse; Lindenhof; Mühlebach; Oerlikon; Rathaus; Saatlen; Schwamendingen-Mitte; Seebach; Seefeld; Sihlfeld; Weinegg; Werd; Wipkingen; Wollishofen,Bucheggstrasse,primary,86.21877636967918,0.006109973145425643,472.257080078125,472.5500793457031,Unterstrass
77209,33,623.3914184570312,Affoltern; Albisrieden; Alt-Wiedikon; Altstetten; City; Enge; Escher Wyss; Fluntern; Friesenberg; Gewerbeschule; Hard; Hirslanden; Hirzenbach; Hochschulen; Hottingen; Höngg; Langstrasse; Leimbach; Lindenhof; Mühlebach; Oberstrass; Oerlikon; Rathaus; Saatlen; Schwamendingen-Mitte; Seebach; Seefeld; Sihlfeld; Unterstrass; Weinegg; Werd; Wipkingen; Witikon; Wollishofen,Im Glockenacker,residential,40.31790951992709,0.02812122595227081,622.4007568359375,623.3914184570312,Witikon
73904,32,613.8718872070312,Affoltern; Albisrieden; Alt-Wiedikon; Altstetten; City; Enge; Escher Wyss; Fluntern; Friesenberg; Gewerbeschule; Hard; Hirslanden; Hirzenbach; Hochschulen; Hottingen; Höngg; Langstrasse; Leimbach; Lindenhof; Mühlebach; Oberstrass; Oerlikon; Rathaus; Saatlen; Schwamendingen-Mitte; Seebach; Seefeld; Sihlfeld; Unterstrass; Weinegg; Werd; Wipkingen; Wollishofen,Susenbergstrasse,residential,68.49719612168032,0.03922094528216564,612.5875244140625,613.8718872070312,Fluntern
60146,31,582.3424072265625,Affoltern; Albisrieden; Alt-Wiedikon; Altstetten; City; Enge; Escher Wyss; Friesenberg; Gewerbeschule; Hard; Hirslanden; Hirzenbach; Hochschulen; Hottingen; Höngg; Langstrasse; Leimbach; Lindenhof; Mühlebach; Oberstrass; Oerlikon; Rathaus; Saatlen; Schwamendingen-Mitte; Seebach; Seefeld; Sihlfeld; Unterstrass; Weinegg; Werd; Wipkingen; Wollishofen,Kurhausstrasse,residential,177.05416253037237,0.1063672515200474,564.7957763671875,582.3424072265625,Hottingen
67927,30,545.720458984375,Affoltern; Albisrieden; Alt-Wiedikon; Altstetten; City; Enge; Escher Wyss; Friesenberg; Gewerbeschule; Hard; Hirslanden; Hirzenbach; Hochschulen; Höngg; Langstrasse; Leimbach; Lindenhof; Mühlebach; Oberstrass; Oerlikon; Rathaus; Saatlen; Schwamendingen-Mitte; Seebach; Seefeld; Sihlfeld; Unterstrass; Weinegg; Werd; Wipkingen; Wollishofen,,footway,3.4156697350783762,0.06586573264927015,545.581298828125,545.720458984375,Oberstrass
58475,29,514.3514404296875,Affoltern; Albisrieden; Alt-Wiedikon; Altstetten; City; Enge; Escher Wyss; Friesenberg; Gewerbeschule; Hard; Hirslanden; Hirzenbach; Hochschulen; Höngg; Langstrasse; Leimbach; Lindenhof; Mühlebach; Oerlikon; Rathaus; Saatlen; Schwamendingen-Mitte; Seebach; Seefeld; Sihlfeld; Unterstrass; Weinegg; Werd; Wipkingen; Wollishofen,Waldschulweg,residential,29.171495329315473,0.03130899270471597,513.7415161132812,514.3514404296875,Hirslanden
3240,28,513.56689453125,Affoltern; Albisrieden; Alt-Wiedikon; Altstetten; City; Enge; Escher Wyss; Friesenberg; Gewerbeschule; Hard; Hirzenbach; Hochschulen; Höngg; Langstrasse; Leimbach; Lindenhof; Mühlebach; Oerlikon; Rathaus; Saatlen; Schwamendingen-Mitte; Seebach; Seefeld; Sihlfeld; Unterstrass; Weinegg; Werd; Wipkingen; Wollishofen,Bachtobelstrasse,residential,25.199253896166816,0.10909630101939445,511.016845703125,513.56689453125,Friesenberg
79903,27,506.26837158203125,Affoltern; Albisrieden; Alt-Wiedikon; Altstetten; City; Enge; Escher Wyss; Gewerbeschule; Hard; Hirzenbach; Hochschulen; Höngg; Langstrasse; Leimbach; Lindenhof; Mühlebach; Oerlikon; Rathaus; Saatlen; Schwamendingen-Mitte; Seebach; Seefeld; Sihlfeld; Unterstrass; Weinegg; Werd; Wipkingen; Wollishofen,Benedikt-Fontana-Weg,residential,27.896838434161157,0.06899066852144861,504.6287536621094,506.26837158203125,Höngg
3720,26,489.42236328125,Affoltern; Albisrieden; Alt-Wiedikon; Altstetten; City; Enge; Escher Wyss; Gewerbeschule; Hard; Hirzenbach; Hochschulen; Langstrasse; Leimbach; Lindenhof; Mühlebach; Oerlikon; Rathaus; Saatlen; Schwamendingen-Mitte; Seebach; Seefeld; Sihlfeld; Unterstrass; Weinegg; Werd; Wipkingen; Wollishofen,Stotzstrasse,residential,6.537707787191724,0.14303478477585937,488.5054626464844,489.42236328125,Leimbach
70254,25,476.358642578125,Affoltern; Albisrieden; Alt-Wiedikon; Altstetten; City; Enge; Escher Wyss; Gewerbeschule; Hard; Hirzenbach; Hochschulen; Langstrasse; Lindenhof; Mühlebach; Oerlikon; Rathaus; Saatlen; Schwamendingen-Mitte; Seebach; Seefeld; Sihlfeld; Unterstrass; Weinegg; Werd; Wipkingen; Wollishofen,Guggachstrasse,residential,34.48622937791959,0.013355222952585977,475.9117126464844,476.358642578125,Unterstrass
18530,18,468.4454040527344,Albisrieden; Alt-Wiedikon; Altstetten; City; Enge; Escher Wyss; Gewerbeschule; Hard; Hochschulen; Langstrasse; Lindenhof; Mühlebach; Rathaus; Seefeld; Sihlfeld; Weinegg; Werd; Wipkingen; Wollishofen,August-Forel-Strasse,residential,108.9472546090902,0.014266170380595543,467.0718078613281,468.4454040527344,Weinegg
10970,17,460.163330078125,Albisrieden; Alt-Wiedikon; Altstetten; City; Enge; Escher Wyss; Gewerbeschule; Hard; Hochschulen; Langstrasse; Lindenhof; Mühlebach; Rathaus; Seefeld; Sihlfeld; Werd; Wipkingen; Wollishofen,Balberstrasse,living_street,68.59717482260386,0.019899525303675048,459.69097900390625,460.163330078125,Wollishofen
39191,16,443.3807067871094,Albisrieden; Alt-Wiedikon; Altstetten; City; Enge; Escher Wyss; Gewerbeschule; Hard; Hochschulen; Langstrasse; Lindenhof; Mühlebach; Rathaus; Seefeld; Sihlfeld; Werd; Wipkingen,Lehenstrasse,residential,17.29943790953628,0.11808039966976439,441.7977600097656,443.3807067871094,Wipkingen
27134,15,440.406982421875,Albisrieden; Alt-Wiedikon; Altstetten; City; Enge; Escher Wyss; Gewerbeschule; Hard; Hochschulen; Langstrasse; Lindenhof; Mühlebach; Rathaus; Seefeld; Sihlfeld; Werd,Triemlistrasse,tertiary,80.98361296959499,0.016733051139266455,439.1720886230469,440.406982421875,Albisrieden
51337,14,425.8545227050781,Alt-Wiedikon; Altstetten; City; Enge; Escher Wyss; Gewerbeschule; Hard; Hochschulen; Langstrasse; Lindenhof; Mühlebach; Rathaus; Seefeld; Sihlfeld; Werd,Binzstrasse,unclassified,60.15598659650243,0.017476738214124668,424.968994140625,425.8545227050781,Alt-Wiedikon
63556,13,423.8527526855469,Altstetten; City; Enge; Escher Wyss; Gewerbeschule; Hard; Hochschulen; Langstrasse; Lindenhof; Mühlebach; Rathaus; Seefeld; Sihlfeld; Werd,Spiegelgasse,pedestrian,25.477109337078996,0.11826304521277342,421.8625183105469,423.8527526855469,Rathaus
62635,12,421.3228759765625,Altstetten; City; Enge; Escher Wyss; Gewerbeschule; Hard; Hochschulen; Langstrasse; Lindenhof; Mühlebach; Seefeld; Sihlfeld; Werd,Hirschengraben,service,17.031641750070072,0.018513049744750116,421.07781982421875,421.3228759765625,Hochschulen
53362,11,419.6746520996094,Altstetten; City; Enge; Escher Wyss; Gewerbeschule; Hard; Langstrasse; Lindenhof; Mühlebach; Seefeld; Sihlfeld; Werd,Schulhausstrasse,residential,10.822713349370169,0.11239890954151177,418.54638671875,419.6746520996094,Enge
57143,10,416.65936279296875,Altstetten; City; Escher Wyss; Gewerbeschule; Hard; Langstrasse; Lindenhof; Mühlebach; Seefeld; Sihlfeld; Werd,Höschgasse,secondary,6.122727885206665,0.018880568983989536,416.5444641113281,416.65936279296875,Mühlebach
63812,9,416.47052001953125,Altstetten; City; Escher Wyss; Gewerbeschule; Hard; Langstrasse; Lindenhof; Seefeld; Sihlfeld; Werd,,footway,20.53508649916842,0.021719625126552296,416.20758056640625,416.47052001953125,Lindenhof
47294,8,415.5050354003906,Altstetten; City; Escher Wyss; Gewerbeschule; Hard; Langstrasse; Seefeld; Sihlfeld; Werd,Saumstrasse,residential,7.595685889652151,0.008099786883397572,415.46356201171875,415.5050354003906,Sihlfeld
44316,7,411.4871826171875,Altstetten; City; Escher Wyss; Gewerbeschule; Hard; Langstrasse; Seefeld; Werd,Werdstrasse,tertiary,13.224835512087136,0.008418110446595557,411.3763122558594,411.4871826171875,Werd
17032,6,410.91363525390625,Altstetten; City; Escher Wyss; Gewerbeschule; Hard; Langstrasse; Seefeld,Baurstrasse,residential,2.654121344115805,0.03603531092528767,410.821044921875,410.91363525390625,Seefeld
64416,5,410.27020263671875,Altstetten; City; Escher Wyss; Gewerbeschule; Hard; Langstrasse,Steinmühleplatz,residential,9.64878304524183,0.02842130087308285,410.0221862792969,410.27020263671875,City
85054,5,454.92535400390625,Affoltern; Hirzenbach; Oerlikon; Saatlen; Schwamendingen-Mitte; Seebach,Fronwaldstrasse,residential,8.498140339228472,0.013006924292886524,454.8148498535156,454.92535400390625,Affoltern
92452,4,446.0688171386719,Hirzenbach; Oerlikon; Saatlen; Schwamendingen-Mitte; Seebach,Hertensteinstrasse,residential,18.611928315921883,0.0618355460108063,445.04534912109375,446.0688171386719,Seebach
43548,4,409.4474182128906,Altstetten; Escher Wyss; Gewerbeschule; Hard; Langstrasse,Hohlstrasse,living_street,39.408145839526284,0.003140957434451099,409.3546142578125,409.4474182128906,Langstrasse
35687,3,407.3391418457031,Altstetten; Escher Wyss; Gewerbeschule; Hard,Gugolzstrasse,residential,23.93273679788181,0.021524355613707233,406.9100036621094,407.3391418457031,Hard
90293,3,444.3260498046875,Hirzenbach; Oerlikon; Saatlen; Schwamendingen-Mitte,Schulsteig,service,3.2031169494978506,0.03083087070741265,444.255859375,444.3260498046875,Oerlikon
72594,2,440.0594482421875,Hirzenbach; Saatlen; Schwamendingen-Mitte,Bocklerstrasse,living_street,44.89728333768872,0.04334844732679605,438.4248046875,440.0594482421875,Schwamendingen-Mitte
42882,2,405.04833984375,Altstetten; Escher Wyss; Gewerbeschule,Heinrichstrasse,residential,20.14604264107996,0.0028630060143008287,404.99200439453125,405.04833984375,Gewerbeschule
36561,1,402.66607666015625,Altstetten; Escher Wyss,Technoparkstrasse,living_street,30.662312701705904,0.0019228801400358363,402.6495056152344,402.66607666015625,Escher Wyss
75479,1,429.09368896484375,Hirzenbach; Saatlen,Altwiesenstrasse,residential,10.480429074107166,0.0011094199554457602,429.08319091796875,429.09368896484375,Hirzenbach
