neighborhood_a,neighborhood_b,pass_elev_m,pass_edge_id
Affoltern,Albisrieden,472.5500793457031,70375
Affoltern,Alt-Wiedikon,472.5500793457031,70375
Affoltern,Altstetten,472.5500793457031,70375
Affoltern,City,472.5500793457031,70375
Affoltern,Enge,472.5500793457031,70375
Affoltern,Escher Wyss,472.5500793457031,70375
Affoltern,Fluntern,613.8718872070312,73904
Affoltern,Friesenberg,513.56689453125,3240
Affoltern,Gewerbeschule,472.5500793457031,70375
Affoltern,Hard,472.5500793457031,70375
Affoltern,Hirslanden,514.3514404296875,58475
Affoltern,Hirzenbach,454.92535400390625,85054
Affoltern,Hochschulen,472.5500793457031,70375
Affoltern,Hottingen,582.3424072265625,60146
Affoltern,Höngg,506.26837158203125,79903
Affoltern,Langstrasse,472.5500793457031,70375
Affoltern,Leimbach,489.42236328125,3720
Affoltern,Lindenhof,472.5500793457031,70375
Affoltern,Mühlebach,472.5500793457031,70375
Affoltern,Oberstrass,545.720458984375,67927
Affoltern,Oerlikon,454.92535400390625,85054
Affoltern,Rathaus,472.5500793457031,70375
Affoltern,Saatlen,454.92535400390625,85054
Affoltern,Schwamendingen-Mitte,454.92535400390625,85054
Affoltern,Seebach,454.92535400390625,85054
Affoltern,Seefeld,472.5500793457031,70375
Affoltern,Sihlfeld,472.5500793457031,70375
Affoltern,Unterstrass,476.358642578125,70254
Affoltern,Weinegg,472.5500793457031,70375
Affoltern,Werd,472.5500793457031,70375
Affoltern,Wipkingen,472.5500793457031,70375
Affoltern,Witikon,623.3914184570312,77209
Affoltern,Wollishofen,472.5500793457031,70375
Albisrieden,Alt-Wiedikon,440.406982421875,27134
Albisrieden,Altstetten,440.406982421875,27134
Albisrieden,City,440.406982421875,27134
Albisrieden,Enge,440.406982421875,27134
Albisrieden,Escher Wyss,440.406982421875,27134
Albisrieden,Fluntern,613.8718872070312,73904
Albisrieden,Friesenberg,513.56689453125,3240
Albisrieden,Gewerbeschule,440.406982421875,27134
Albisrieden,Hard,440.406982421875,27134
Albisrieden,Hirslanden,514.3514404296875,58475
Albisrieden,Hirzenbach,472.5500793457031,70375
Albisrieden,Hochschulen,440.406982421875,27134
Albisrieden,Hottingen,582.3424072265625,60146
Albisrieden,Höngg,506.26837158203125,79903
Albisrieden,Langstrasse,440.406982421875,27134
Albisrieden,Leimbach,489.42236328125,3720
Albisrieden,Lindenhof,440.406982421875,27134
Albisrieden,Mühlebach,440.406982421875,27134
Albisrieden,Oberstrass,545.720458984375,67927
Albisrieden,Oerlikon,472.5500793457031,70375
Albisrieden,Rathaus,440.406982421875,27134
Albisrieden,Saatlen,472.5500793457031,70375
Albisrieden,Schwamendingen-Mitte,472.5500793457031,70375
Albisrieden,Seebach,472.5500793457031,70375
Albisrieden,Seefeld,440.406982421875,27134
Albisrieden,Sihlfeld,440.406982421875,27134
Albisrieden,Unterstrass,476.358642578125,70254
Albisrieden,Weinegg,468.4454040527344,18530
Albisrieden,Werd,440.406982421875,27134
Albisrieden,Wipkingen,443.3807067871094,39191
Albisrieden,Witikon,623.3914184570312,77209
Albisrieden,Wollishofen,460.163330078125,10970
Alt-Wiedikon,Altstetten,425.8545227050781,51337
Alt-Wiedikon,City,425.8545227050781,51337
Alt-Wiedikon,Enge,425.8545227050781,51337
Alt-Wiedikon,Escher Wyss,425.8545227050781,51337
Alt-Wiedikon,Fluntern,613.8718872070312,73904
Alt-Wiedikon,Friesenberg,513.56689453125,3240
Alt-Wiedikon,Gewerbeschule,425.8545227050781,51337
Alt-Wiedikon,Hard,425.8545227050781,51337
Alt-Wiedikon,Hirslanden,514.3514404296875,58475
Alt-Wiedikon,Hirzenbach,472.5500793457031,70375
Alt-Wiedikon,Hochschulen,425.8545227050781,51337
Alt-Wiedikon,Hottingen,582.3424072265625,60146
Alt-Wiedikon,Höngg,506.26837158203125,79903
Alt-Wiedikon,Langstrasse,425.8545227050781,51337
Alt-Wiedikon,Leimbach,489.42236328125,3720
Alt-Wiedikon,Lindenhof,425.8545227050781,51337
Alt-Wiedikon,Mühlebach,425.8545227050781,51337
Alt-Wiedikon,Oberstrass,545.720458984375,67927
Alt-Wiedikon,Oerlikon,472.5500793457031,70375
Alt-Wiedikon,Rathaus,425.8545227050781,51337
Alt-Wiedikon,Saatlen,472.5500793457031,70375
Alt-Wiedikon,Schwamendingen-Mitte,472.5500793457031,70375
Alt-Wiedikon,Seebach,472.5500793457031,70375
Alt-Wiedikon,Seefeld,425.8545227050781,51337
Alt-Wiedikon,Sihlfeld,425.8545227050781,51337
Alt-Wiedikon,Unterstrass,476.358642578125,70254
Alt-Wiedikon,Weinegg,468.4454040527344,18530
Alt-Wiedikon,Werd,425.8545227050781,51337
Alt-Wiedikon,Wipkingen,443.3807067871094,39191
Alt-Wiedikon,Witikon,623.3914184570312,77209
Alt-Wiedikon,Wollishofen,460.163330078125,10970
Altstetten,City,410.27020263671875,64416
Altstetten,Enge,419.6746520996094,53362
Altstetten,Escher Wyss,402.66607666015625,36561
Altstetten,Fluntern,613.8718872070312,73904
Altstetten,Friesenberg,513.56689453125,3240
Altstetten,Gewerbeschule,405.04833984375,42882
Altstetten,Hard,407.3391418457031,35687
Altstetten,Hirslanden,514.3514404296875,58475
Altstetten,Hirzenbach,472.5500793457031,70375
Altstetten,Hochschulen,421.3228759765625,62635
Altstetten,Hottingen,582.3424072265625,60146
Altstetten,Höngg,506.26837158203125,79903
Altstetten,Langstrasse,409.4474182128906,43548
Altstetten,Leimbach,489.42236328125,3720
Altstetten,Lindenhof,416.47052001953125,63812
Altstetten,Mühlebach,416.65936279296875,57143
Altstetten,Oberstrass,545.720458984375,67927
Altstetten,Oerlikon,472.5500793457031,70375
Altstetten,Rathaus,423.8527526855469,63556
Altstetten,Saatlen,472.5500793457031,70375
Altstetten,Schwamendingen-Mitte,472.5500793457031,70375
Altstetten,Seebach,472.5500793457031,70375
Altstetten,Seefeld,410.91363525390625,17032
Altstetten,Sihlfeld,415.5050354003906,47294
Altstetten,Unterstrass,476.358642578125,70254
Altstetten,Weinegg,468.4454040527344,18530
Altstetten,Werd,411.4871826171875,44316
Altstetten,Wipkingen,443.3807067871094,39191
Altstetten,Witikon,623.3914184570312,77209
Altstetten,Wollishofen,460.163330078125,10970
City,Enge,419.6746520996094,53362
City,Escher Wyss,410.27020263671875,64416
City,Fluntern,613.8718872070312,73904
City,Friesenberg,513.56689453125,3240
City,Gewerbeschule,410.27020263671875,64416
City,Hard,410.27020263671875,64416
City,Hirslanden,514.3514404296875,58475
City,Hirzenbach,472.5500793457031,70375
City,Hochschulen,421.3228759765625,62635
City,Hottingen,582.3424072265625,60146
City,Höngg,506.26837158203125,79903
City,Langstrasse,410.27020263671875,64416
City,Leimbach,489.42236328125,3720
City,Lindenhof,416.47052001953125,63812
City,Mühlebach,416.65936279296875,57143
City,Oberstrass,545.720458984375,67927
City,Oerlikon,472.5500793457031,70375
City,Rathaus,423.8527526855469,63556
City,Saatlen,472.5500793457031,70375
City,Schwamendingen-Mitte,472.5500793457031,70375
City,Seebach,472.5500793457031,70375
City,Seefeld,410.91363525390625,17032
City,Sihlfeld,415.5050354003906,47294
City,Unterstrass,476.358642578125,70254
City,Weinegg,468.4454040527344,18530
City,Werd,411.4871826171875,44316
City,Wipkingen,443.3807067871094,39191
City,Witikon,623.3914184570312,77209
City,Wollishofen,460.163330078125,10970
Enge,Escher Wyss,419.6746520996094,53362
Enge,Fluntern,613.8718872070312,73904
Enge,Friesenberg,513.56689453125,3240
Enge,Gewerbeschule,419.6746520996094,53362
Enge,Hard,419.6746520996094,53362
Enge,Hirslanden,514.3514404296875,58475
Enge,Hirzenbach,472.5500793457031,70375
Enge,Hochschulen,421.3228759765625,62635
Enge,Hottingen,582.3424072265625,60146
Enge,Höngg,506.26837158203125,79903
Enge,Langstrasse,419.6746520996094,53362
Enge,Leimbach,489.42236328125,3720
Enge,Lindenhof,419.6746520996094,53362
Enge,Mühlebach,419.6746520996094,53362
Enge,Oberstrass,545.720458984375,67927
Enge,Oerlikon,472.5500793457031,70375
Enge,Rathaus,423.8527526855469,63556
Enge,Saatlen,472.5500793457031,70375
Enge,Schwamendingen-Mitte,472.5500793457031,70375
Enge,Seebach,472.5500793457031,70375
Enge,Seefeld,419.6746520996094,53362
Enge,Sihlfeld,419.6746520996094,53362
Enge,Unterstrass,476.358642578125,70254
Enge,Weinegg,468.4454040527344,18530
Enge,Werd,419.6746520996094,53362
Enge,Wipkingen,443.3807067871094,39191
Enge,Witikon,623.3914184570312,77209
Enge,Wollishofen,460.163330078125,10970
Escher Wyss,Fluntern,613.8718872070312,73904
Escher Wyss,Friesenberg,513.56689453125,3240
Escher Wyss,Gewerbeschule,405.04833984375,42882
Escher Wyss,Hard,407.3391418457031,35687
Escher Wyss,Hirslanden,514.3514404296875,58475
Escher Wyss,Hirzenbach,472.5500793457031,70375
Escher Wyss,Hochschulen,421.3228759765625,62635
Escher Wyss,Hottingen,582.3424072265625,60146
Escher Wyss,Höngg,506.26837158203125,79903
Escher Wyss,Langstrasse,409.4474182128906,43548
Escher Wyss,Leimbach,489.42236328125,3720
Escher Wyss,Lindenhof,416.47052001953125,63812
Escher Wyss,Mühlebach,416.65936279296875,57143
Escher Wyss,Oberstrass,545.720458984375,67927
Escher Wyss,Oerlikon,472.5500793457031,70375
Escher Wyss,Rathaus,423.8527526855469,63556
Escher Wyss,Saatlen,472.5500793457031,70375
Escher Wyss,Schwamendingen-Mitte,472.5500793457031,70375
Escher Wyss,Seebach,472.5500793457031,70375
Escher Wyss,Seefeld,410.91363525390625,17032
Escher Wyss,Sihlfeld,415.5050354003906,47294
Escher Wyss,Unterstrass,476.358642578125,70254
Escher Wyss,Weinegg,468.4454040527344,18530
Escher Wyss,Werd,411.4871826171875,44316
Escher Wyss,Wipkingen,443.3807067871094,39191
Escher Wyss,Witikon,623.3914184570312,77209
Escher Wyss,Wollishofen,460.163330078125,10970
Fluntern,Friesenberg,613.8718872070312,73904
Fluntern,Gewerbeschule,613.8718872070312,73904
Fluntern,Hard,613.8718872070312,73904
Fluntern,Hirslanden,613.8718872070312,73904
Fluntern,Hirzenbach,613.8718872070312,73904
Fluntern,Hochschulen,613.8718872070312,73904
Fluntern,Hottingen,613.8718872070312,73904
Fluntern,Höngg,613.8718872070312,73904
Fluntern,Langstrasse,613.8718872070312,73904
Fluntern,Leimbach,613.8718872070312,73904
Fluntern,Lindenhof,613.8718872070312,73904
Fluntern,Mühlebach,613.8718872070312,73904
Fluntern,Oberstrass,613.8718872070312,73904
Fluntern,Oerlikon,613.8718872070312,73904
Fluntern,Rathaus,613.8718872070312,73904
Fluntern,Saatlen,613.8718872070312,73904
Fluntern,Schwamendingen-Mitte,613.8718872070312,73904
Fluntern,Seebach,613.8718872070312,73904
Fluntern,Seefeld,613.8718872070312,73904
Fluntern,Sihlfeld,613.8718872070312,73904
Fluntern,Unterstrass,613.8718872070312,73904
Fluntern,Weinegg,613.8718872070312,73904
Fluntern,Werd,613.8718872070312,73904
Fluntern,Wipkingen,613.8718872070312,73904
Fluntern,Witikon,623.3914184570312,77209
Fluntern,Wollishofen,613.8718872070312,73904
Friesenberg,Gewerbeschule,513.56689453125,3240
Friesenberg,Hard,513.56689453125,3240
Friesenberg,Hirslanden,514.3514404296875,58475
Friesenberg,Hirzenbach,513.56689453125,3240
Friesenberg,Hochschulen,513.56689453125,3240
Friesenberg,Hottingen,582.3424072265625,60146
Friesenberg,Höngg,513.56689453125,3240
Friesenberg,Langstrasse,513.56689453125,3240
Friesenberg,Leimbach,513.56689453125,3240
Friesenberg,Lindenhof,513.56689453125,3240
Friesenberg,Mühlebach,513.56689453125,3240
Friesenberg,Oberstrass,545.720458984375,67927
Friesenberg,Oerlikon,513.56689453125,3240
Friesenberg,Rathaus,513.56689453125,3240
Friesenberg,Saatlen,513.56689453125,3240
Friesenberg,Schwamendingen-Mitte,513.56689453125,3240
Friesenberg,Seebach,513.56689453125,3240
Friesenberg,Seefeld,513.56689453125,3240
Friesenberg,Sihlfeld,513.56689453125,3240
Friesenberg,Unterstrass,513.56689453125,3240
Friesenberg,Weinegg,513.56689453125,3240
Friesenberg,Werd,513.56689453125,3240
Friesenberg,Wipkingen,513.56689453125,3240
Friesenberg,Witikon,623.3914184570312,77209
Friesenberg,Wollishofen,513.56689453125,3240
Gewerbeschule,Hard,407.3391418457031,35687
Gewerbeschule,Hirslanden,514.3514404296875,58475
Gewerbeschule,Hirzenbach,472.5500793457031,70375
Gewerbeschule,Hochschulen,421.3228759765625,62635
Gewerbeschule,Hottingen,582.3424072265625,60146
Gewerbeschule,Höngg,506.26837158203125,79903
Gewerbeschule,Langstrasse,409.4474182128906,43548
Gewerbeschule,Leimbach,489.42236328125,3720
Gewerbeschule,Lindenhof,416.47052001953125,63812
Gewerbeschule,Mühlebach,416.65936279296875,57143
Gewerbeschule,Oberstrass,545.720458984375,67927
Gewerbeschule,Oerlikon,472.5500793457031,70375
Gewerbeschule,Rathaus,423.8527526855469,63556
Gewerbeschule,Saatlen,472.5500793457031,70375
Gewerbeschule,Schwamendingen-Mitte,472.5500793457031,70375
Gewerbeschule,Seebach,472.5500793457031,70375
Gewerbeschule,Seefeld,410.91363525390625,17032
Gewerbeschule,Sihlfeld,415.5050354003906,47294
Gewerbeschule,Unterstrass,476.358642578125,70254
Gewerbeschule,Weinegg,468.4454040527344,18530
Gewerbeschule,Werd,411.4871826171875,44316
Gewerbeschule,Wipkingen,443.3807067871094,39191
Gewerbeschule,Witikon,623.3914184570312,77209
Gewerbeschule,Wollishofen,460.163330078125,10970
Hard,Hirslanden,514.3514404296875,58475
Hard,Hirzenbach,472.5500793457031,70375
Hard,Hochschulen,421.3228759765625,62635
Hard,Hottingen,582.3424072265625,60146
Hard,Höngg,506.26837158203125,79903
Hard,Langstrasse,409.4474182128906,43548
Hard,Leimbach,489.42236328125,3720
Hard,Lindenhof,416.47052001953125,63812
Hard,Mühlebach,416.65936279296875,57143
Hard,Oberstrass,545.720458984375,67927
Hard,Oerlikon,472.5500793457031,70375
Hard,Rathaus,423.8527526855469,63556
Hard,Saatlen,472.5500793457031,70375
Hard,Schwamendingen-Mitte,472.5500793457031,70375
Hard,Seebach,472.5500793457031,70375
Hard,Seefeld,410.91363525390625,17032
Hard,Sihlfeld,415.5050354003906,47294
Hard,Unterstrass,476.358642578125,70254
Hard,Weinegg,468.4454040527344,18530
Hard,Werd,411.4871826171875,44316
Hard,Wipkingen,443.3807067871094,39191
Hard,Witikon,623.3914184570312,77209
Hard,Wollishofen,460.163330078125,10970
Hirslanden,Hirzenbach,514.3514404296875,58475
Hirslanden,Hochschulen,514.3514404296875,58475
Hirslanden,Hottingen,582.3424072265625,60146
Hirslanden,Höngg,514.3514404296875,58475
Hirslanden,Langstrasse,514.3514404296875,58475
Hirslanden,Leimbach,514.3514404296875,58475
Hirslanden,Lindenhof,514.3514404296875,58475
Hirslanden,Mühlebach,514.3514404296875,58475
Hirslanden,Oberstrass,545.720458984375,67927
Hirslanden,Oerlikon,514.3514404296875,58475
Hirslanden,Rathaus,514.3514404296875,58475
Hirslanden,Saatlen,514.3514404296875,58475
Hirslanden,Schwamendingen-Mitte,514.3514404296875,58475
Hirslanden,Seebach,514.3514404296875,58475
Hirslanden,Seefeld,514.3514404296875,58475
Hirslanden,Sihlfeld,514.3514404296875,58475
Hirslanden,Unterstrass,514.3514404296875,58475
Hirslanden,Weinegg,514.3514404296875,58475
Hirslanden,Werd,514.3514404296875,58475
Hirslanden,Wipkingen,514.3514404296875,58475
Hirslanden,Witikon,623.3914184570312,77209
Hirslanden,Wollishofen,514.3514404296875,58475
Hirzenbach,Hochschulen,472.5500793457031,70375
Hirzenbach,Hottingen,582.3424072265625,60146
Hirzenbach,Höngg,506.26837158203125,79903
Hirzenbach,Langstrasse,472.5500793457031,70375
Hirzenbach,Leimbach,489.42236328125,3720
Hirzenbach,Lindenhof,472.5500793457031,70375
Hirzenbach,Mühlebach,472.5500793457031,70375
Hirzenbach,Oberstrass,545.720458984375,67927
Hirzenbach,Oerlikon,444.3260498046875,90293
Hirzenbach,Rathaus,472.5500793457031,70375
Hirzenbach,Saatlen,429.09368896484375,75479
Hirzenbach,Schwamendingen-Mitte,440.0594482421875,72594
Hirzenbach,Seebach,446.0688171386719,92452
Hirzenbach,Seefeld,472.5500793457031,70375
Hirzenbach,Sihlfeld,472.5500793457031,70375
Hirzenbach,Unterstrass,476.358642578125,70254
Hirzenbach,Weinegg,472.5500793457031,70375
Hirzenbach,Werd,472.5500793457031,70375
Hirzenbach,Wipkingen,472.5500793457031,70375
Hirzenbach,Witikon,623.3914184570312,77209
Hirzenbach,Wollishofen,472.5500793457031,70375
Hochschulen,Hottingen,582.3424072265625,60146
Hochschulen,Höngg,506.26837158203125,79903
Hochschulen,Langstrasse,421.3228759765625,62635
Hochschulen,Leimbach,489.42236328125,3720
Hochschulen,Lindenhof,421.3228759765625,62635
Hochschulen,Mühlebach,421.3228759765625,62635
Hochschulen,Oberstrass,545.720458984375,67927
Hochschulen,Oerlikon,472.5500793457031,70375
Hochschulen,Rathaus,423.8527526855469,63556
Hochschulen,Saatlen,472.5500793457031,70375
Hochschulen,Schwamendingen-Mitte,472.5500793457031,70375
Hochschulen,Seebach,472.5500793457031,70375
Hochschulen,Seefeld,421.3228759765625,62635
Hochschulen,Sihlfeld,421.3228759765625,62635
Hochschulen,Unterstrass,476.358642578125,70254
Hochschulen,Weinegg,468.4454040527344,18530
Hochschulen,Werd,421.3228759765625,62635
Hochschulen,Wipkingen,443.3807067871094,39191
Hochschulen,Witikon,623.3914184570312,77209
Hochschulen,Wollishofen,460.163330078125,10970
Hottingen,Höngg,582.3424072265625,60146
Hottingen,Langstrasse,582.3424072265625,60146
Hottingen,Leimbach,582.3424072265625,60146
Hottingen,Lindenhof,582.3424072265625,60146
Hottingen,Mühlebach,582.3424072265625,60146
Hottingen,Oberstrass,582.3424072265625,60146
Hottingen,Oerlikon,582.3424072265625,60146
Hottingen,Rathaus,582.3424072265625,60146
Hottingen,Saatlen,582.3424072265625,60146
Hottingen,Schwamendingen-Mitte,582.3424072265625,60146
Hottingen,Seebach,582.3424072265625,60146
Hottingen,Seefeld,582.3424072265625,60146
Hottingen,Sihlfeld,582.3424072265625,60146
Hottingen,Unterstrass,582.3424072265625,60146
Hottingen,Weinegg,582.3424072265625,60146
Hottingen,Werd,582.3424072265625,60146
Hottingen,Wipkingen,582.3424072265625,60146
Hottingen,Witikon,623.3914184570312,77209
Hottingen,Wollishofen,582.3424072265625,60146
Höngg,Langstrasse,506.26837158203125,79903
Höngg,Leimbach,506.26837158203125,79903
Höngg,Lindenhof,506.26837158203125,79903
Höngg,Mühlebach,506.26837158203125,79903
Höngg,Oberstrass,545.720458984375,67927
Höngg,Oerlikon,506.26837158203125,79903
Höngg,Rathaus,506.26837158203125,79903
Höngg,Saatlen,506.26837158203125,79903
Höngg,Schwamendingen-Mitte,506.26837158203125,79903
Höngg,Seebach,506.26837158203125,79903
Höngg,Seefeld,506.26837158203125,79903
Höngg,Sihlfeld,506.26837158203125,79903
Höngg,Unterstrass,506.26837158203125,79903
Höngg,Weinegg,506.26837158203125,79903
Höngg,Werd,506.26837158203125,79903
Höngg,Wipkingen,506.26837158203125,79903
Höngg,Witikon,623.3914184570312,77209
Höngg,Wollishofen,506.26837158203125,79903
Langstrasse,Leimbach,489.42236328125,3720
Langstrasse,Lindenhof,416.47052001953125,63812
Langstrasse,Mühlebach,416.65936279296875,57143
Langstrasse,Oberstrass,545.720458984375,67927
Langstrasse,Oerlikon,472.5500793457031,70375
Langstrasse,Rathaus,423.8527526855469,63556
Langstrasse,Saatlen,472.5500793457031,70375
Langstrasse,Schwamendingen-Mitte,472.5500793457031,70375
Langstrasse,Seebach,472.5500793457031,70375
Langstrasse,Seefeld,410.91363525390625,17032
Langstrasse,Sihlfeld,415.5050354003906,47294
Langstrasse,Unterstrass,476.358642578125,70254
Langstrasse,Weinegg,468.4454040527344,18530
Langstrasse,Werd,411.4871826171875,44316
Langstrasse,Wipkingen,443.3807067871094,39191
Langstrasse,Witikon,623.3914184570312,77209
Langstrasse,Wollishofen,460.163330078125,10970
Leimbach,Lindenhof,489.42236328125,3720
Leimbach,Mühlebach,489.42236328125,3720
Leimbach,Oberstrass,545.720458984375,67927
Leimbach,Oerlikon,489.42236328125,3720
Leimbach,Rathaus,489.42236328125,3720
Leimbach,Saatlen,489.42236328125,3720
Leimbach,Schwamendingen-Mitte,489.42236328125,3720
Leimbach,Seebach,489.42236328125,3720
Leimbach,Seefeld,489.42236328125,3720
Leimbach,Sihlfeld,489.42236328125,3720
Leimbach,Unterstrass,489.42236328125,3720
Leimbach,Weinegg,489.42236328125,3720
Leimbach,Werd,489.42236328125,3720
Leimbach,Wipkingen,489.42236328125,3720
Leimbach,Witikon,623.3914184570312,77209
Leimbach,Wollishofen,489.42236328125,3720
Lindenhof,Mühlebach,416.65936279296875,57143
Lindenhof,Oberstrass,545.720458984375,67927
Lindenhof,Oerlikon,472.5500793457031,70375
Lindenhof,Rathaus,423.8527526855469,63556
Lindenhof,Saatlen,472.5500793457031,70375
Lindenhof,Schwamendingen-Mitte,472.5500793457031,70375
Lindenhof,Seebach,472.5500793457031,70375
Lindenhof,Seefeld,416.47052001953125,63812
Lindenhof,Sihlfeld,416.47052001953125,63812
Lindenhof,Unterstrass,476.358642578125,70254
Lindenhof,Weinegg,468.4454040527344,18530
Lindenhof,Werd,416.47052001953125,63812
Lindenhof,Wipkingen,443.3807067871094,39191
Lindenhof,Witikon,623.3914184570312,77209
Lindenhof,Wollishofen,460.163330078125,10970
Mühlebach,Oberstrass,545.720458984375,67927
Mühlebach,Oerlikon,472.5500793457031,70375
Mühlebach,Rathaus,423.8527526855469,63556
Mühlebach,Saatlen,472.5500793457031,70375
Mühlebach,Schwamendingen-Mitte,472.5500793457031,70375
Mühlebach,Seebach,472.5500793457031,70375
Mühlebach,Seefeld,416.65936279296875,57143
Mühlebach,Sihlfeld,416.65936279296875,57143
Mühlebach,Unterstrass,476.358642578125,70254
Mühlebach,Weinegg,468.4454040527344,18530
Mühlebach,Werd,416.65936279296875,57143
Mühlebach,Wipkingen,443.3807067871094,39191
Mühlebach,Witikon,623.3914184570312,77209
Mühlebach,Wollishofen,460.163330078125,10970
Oberstrass,Oerlikon,545.720458984375,67927
Oberstrass,Rathaus,545.720458984375,67927
Oberstrass,Saatlen,545.720458984375,67927
Oberstrass,Schwamendingen-Mitte,545.720458984375,67927
Oberstrass,Seebach,545.720458984375,67927
Oberstrass,Seefeld,545.720458984375,67927
Oberstrass,Sihlfeld,545.720458984375,67927
Oberstrass,Unterstrass,545.720458984375,67927
Oberstrass,Weinegg,545.720458984375,67927
Oberstrass,Werd,545.720458984375,67927
Oberstrass,Wipkingen,545.720458984375,67927
Oberstrass,Witikon,623.3914184570312,77209
Oberstrass,Wollishofen,545.720458984375,67927
Oerlikon,Rathaus,472.5500793457031,70375
Oerlikon,Saatlen,444.3260498046875,90293
Oerlikon,Schwamendingen-Mitte,444.3260498046875,90293
Oerlikon,Seebach,446.0688171386719,92452
Oerlikon,Seefeld,472.5500793457031,70375
Oerlikon,Sihlfeld,472.5500793457031,70375
Oerlikon,Unterstrass,476.358642578125,70254
Oerlikon,Weinegg,472.5500793457031,70375
Oerlikon,Werd,472.5500793457031,70375
Oerlikon,Wipkingen,472.5500793457031,70375
Oerlikon,Witikon,623.3914184570312,77209
Oerlikon,Wollishofen,472.5500793457031,70375
Rathaus,Saatlen,472.5500793457031,70375
Rathaus,Schwamendingen-Mitte,472.5500793457031,70375
Rathaus,Seebach,472.5500793457031,70375
Rathaus,Seefeld,423.8527526855469,63556
Rathaus,Sihlfeld,423.8527526855469,63556
Rathaus,Unterstrass,476.358642578125,70254
Rathaus,Weinegg,468.4454040527344,18530
Rathaus,Werd,423.8527526855469,63556
Rathaus,Wipkingen,443.3807067871094,39191
Rathaus,Witikon,623.3914184570312,77209
Rathaus,Wollishofen,460.163330078125,10970
Saatlen,Schwamendingen-Mitte,440.0594482421875,72594
Saatlen,Seebach,446.0688171386719,92452
Saatlen,Seefeld,472.5500793457031,70375
Saatlen,Sihlfeld,472.5500793457031,70375
Saatlen,Unterstrass,476.358642578125,70254
Saatlen,Weinegg,472.5500793457031,70375
Saatlen,Werd,472.5500793457031,70375
Saatlen,Wipkingen,472.5500793457031,70375
Saatlen,Witikon,623.3914184570312,77209
Saatlen,Wollishofen,472.5500793457031,70375
Schwamendingen-Mitte,Seebach,446.0688171386719,92452
Schwamendingen-Mitte,Seefeld,472.5500793457031,70375
Schwamendingen-Mitte,Sihlfeld,472.5500793457031,70375
Schwamendingen-Mitte,Unterstrass,476.358642578125,70254
Schwamendingen-Mitte,Weinegg,472.5500793457031,70375
Schwamendingen-Mitte,Werd,472.5500793457031,70375
Schwamendingen-Mitte,Wipkingen,472.5500793457031,70375
Schwamendingen-Mitte,Witikon,623.3914184570312,77209
Schwamendingen-Mitte,Wollishofen,472.5500793457031,70375
Seebach,Seefeld,472.5500793457031,70375
Seebach,Sihlfeld,472.5500793457031,70375
Seebach,Unterstrass,476.358642578125,70254
Seebach,Weinegg,472.5500793457031,70375
Seebach,Werd,472.5500793457031,70375
Seebach,Wipkingen,472.5500793457031,70375
Seebach,Witikon,623.3914184570312,77209
Seebach,Wollishofen,472.5500793457031,70375
Seefeld,Sihlfeld,415.5050354003906,47294
Seefeld,Unterstrass,476.358642578125,70254
Seefeld,Weinegg,468.4454040527344,18530
Seefeld,Werd,411.4871826171875,44316
Seefeld,Wipkingen,443.3807067871094,39191
Seefeld,Witikon,623.3914184570312,77209
Seefeld,Wollishofen,460.163330078125,10970
Sihlfeld,Unterstrass,476.358642578125,70254
Sihlfeld,Weinegg,468.4454040527344,18530
Sihlfeld,Werd,415.5050354003906,47294
Sihlfeld,Wipkingen,443.3807067871094,39191
Sihlfeld,Witikon,623.3914184570312,77209
Sihlfeld,Wollishofen,460.163330078125,10970
Unterstrass,Weinegg,476.358642578125,70254
Unterstrass,Werd,476.358642578125,70254
Unterstrass,Wipkingen,476.358642578125,70254
Unterstrass,Witikon,623.3914184570312,77209
Unterstrass,Wollishofen,476.358642578125,70254
Weinegg,Werd,468.4454040527344,18530
Weinegg,Wipkingen,468.4454040527344,18530
Weinegg,Witikon,623.3914184570312,77209
Weinegg,Wollishofen,468.4454040527344,18530
Werd,Wipkingen,443.3807067871094,39191
Werd,Witikon,623.3914184570312,77209
Werd,Wollishofen,460.163330078125,10970
Wipkingen,Witikon,623.3914184570312,77209
Wipkingen,Wollishofen,460.163330078125,10970
Witikon,Wollishofen,623.3914184570312,77209
